City_ID,City,Lat,Lng,Max Temp,Humidity,Cloudiness,Wind Speed,Country,Date
0,edinburgh of the seven seas,-37.0676,-12.3116,14.61,91,100,13.14,SH,1697045122
1,albany,42.6001,-73.9662,18.1,55,99,0.89,US,1697045208
2,enewetak,11.3474,162.3373,28.52,77,39,5.81,MH,1697045234
3,sao joao da barra,-21.6403,-41.0511,28.05,84,81,3.74,BR,1697045053
4,ust-nera,64.5667,143.2,-13.77,99,80,1.34,RU,1697045234
5,uliastay,47.7417,96.8444,4.97,66,3,2.57,MN,1697045235
6,sao tome,0.3365,6.7273,25.3,88,98,4.95,ST,1697045235
7,jamestown,42.097,-79.2353,14.18,73,100,5.14,US,1697045215
8,polyarnyy,69.1989,33.4478,-0.69,81,88,6.02,RU,1697045069
9,longyearbyen,78.2186,15.6401,-6.09,73,20,7.72,SJ,1697045235
10,santiago de cao,-7.9589,-79.2392,22.07,73,77,5.66,PE,1697045236
11,letlhakane,-21.4167,25.5833,29.85,17,60,1.96,BW,1697045236
12,kingisepp,59.3733,28.6134,8.33,86,100,7.6,RU,1697045236
13,axim,4.8699,-2.2405,26.13,84,84,2.56,GH,1697045236
14,waitangi,-43.9535,-176.5597,11.01,88,93,6.26,NZ,1697045236
15,west island,-12.1568,96.8225,25.99,83,40,4.63,CC,1697045237
16,invercargill,-46.4,168.35,9.45,83,78,8.05,NZ,1697045237
17,olonkinbyen,70.9221,-8.7187,1.93,74,100,9.4,SJ,1697045237
18,atafu village,-8.5421,-172.5159,28.28,77,44,4.95,TK,1697045237
19,aasiaat,68.7098,-52.8699,-2.56,90,98,3.08,GL,1697045237
20,margaret river,-33.95,115.0667,8.89,87,1,3.93,AU,1697045238
21,avarua,-21.2078,-159.775,22.03,83,100,2.57,CK,1697045238
22,mount gambier,-37.8333,140.7667,10.8,82,100,4.39,AU,1697045238
23,shahrud,36.4182,54.9763,17.76,58,16,5.03,IR,1697045238
24,datong,40.0936,113.2914,13.58,49,100,1.05,CN,1697045239
25,adamstown,-25.066,-130.1015,20.45,70,72,5.29,PN,1697045239
26,vernon,50.2581,-119.2691,14.74,69,31,1.54,CA,1697045114
27,ushuaia,-54.8,-68.3,7.79,71,75,13.86,AR,1697045239
28,yellowknife,62.456,-114.3525,13.01,86,40,7.72,CA,1697045187
29,pemalang,-6.9,109.3667,26.18,69,96,1.75,ID,1697045129
30,acapulco de juarez,16.8634,-99.8901,23.9,94,100,4.63,MX,1697045046
31,bamboo flat,11.7,92.7167,26.05,94,40,0.51,IN,1697045111
32,port-aux-francais,-49.35,70.2167,2.6,69,98,10.36,TF,1697045240
33,college,64.8569,-147.8028,-4.03,91,100,0.0,US,1697045240
34,badr hunayn,23.7829,38.7905,30.78,52,0,0.8,SA,1697045241
35,loa janan,-0.583,117.095,23.91,89,100,0.91,ID,1697045241
36,altamont,42.2068,-121.7372,6.61,91,100,6.17,US,1697045241
37,ribeira grande,38.5167,-28.7,23.22,73,40,6.17,PT,1697045241
38,mertola,37.6592,-7.6643,31.62,22,45,0.53,PT,1697045241
39,blackmans bay,-43.0167,147.3167,15.07,79,23,3.63,AU,1697045241
40,whitehorse,60.7161,-135.0538,2.12,100,100,0.0,CA,1697045242
41,launceston,-41.45,147.1667,11.3,87,70,2.57,AU,1697045242
42,rumonge,-3.9736,29.4386,26.1,63,65,0.52,BI,1697045242
43,hawaiian paradise park,19.5933,-154.9731,23.28,86,100,2.06,US,1697045242
44,qaqortoq,60.7167,-46.0333,5.27,69,91,1.57,GL,1697045242
45,mujiayingzi,42.1167,118.7833,12.24,54,68,2.57,CN,1697045243
46,hermanus,-34.4187,19.2345,16.34,90,85,1.32,ZA,1697045243
47,talnakh,69.4865,88.3972,-0.29,98,100,1.49,RU,1697045243
48,port alfred,-33.5906,26.891,17.88,98,96,2.24,ZA,1697045243
49,kyaikto,17.3,97.0167,25.12,90,83,1.44,MM,1697045243
50,samus',56.7475,84.6992,10.77,66,51,6.15,RU,1697045244
51,tiksi,71.6872,128.8694,-5.82,85,99,9.23,RU,1697045244
52,taro,-8.3862,115.28,23.0,95,59,1.26,ID,1697045244
53,isafjordur,66.0755,-23.124,1.02,80,100,1.03,IS,1697045244
54,puerto ayora,-0.7393,-90.3518,30.98,86,100,3.13,EC,1697045244
55,malmberget,67.1753,20.6549,-1.69,100,100,3.6,SE,1697045245
56,constantia,44.1833,28.65,11.5,57,0,4.36,RO,1697045245
57,enriquillo,17.9,-71.2333,31.82,63,13,5.14,DO,1697045245
58,east london,-33.0153,27.9116,18.52,100,100,4.63,ZA,1697045245
59,mil'kovo,55.6078,37.7956,6.27,53,100,8.29,RU,1697045245
60,hagi,34.4,131.4167,15.75,71,59,3.68,JP,1697045246
61,lata,40.1629,-8.3327,24.49,31,48,2.64,PT,1697045246
62,saipan,15.1355,145.701,27.39,100,75,6.69,MP,1697045246
63,grytviken,-54.2811,-36.5092,0.65,82,48,3.24,GS,1697045246
64,kibale,0.8,31.0667,15.92,99,95,0.85,UG,1697045246
65,hithadhoo,-0.6,73.0833,27.59,76,9,7.02,MV,1697045247
66,port augusta,-32.5,137.7667,14.41,67,18,5.23,AU,1697045247
67,parabel',58.6978,81.4825,6.06,93,100,7.6,RU,1697045247
68,loango,-4.6719,11.8312,26.81,83,20,4.12,CG,1697045247
69,port mathurin,-19.6833,63.4167,23.19,77,80,2.55,MU,1697045247
70,udachny,66.4167,112.4,1.36,63,10,11.78,RU,1697045248
71,zonguldak,41.25,31.8333,9.18,92,32,0.44,TR,1697045248
72,extrema,-22.8547,-46.3183,30.25,41,6,3.32,BR,1697045248
73,iqaluit,63.7506,-68.5145,2.85,64,40,3.6,CA,1697045248
74,usinsk,65.9939,57.5281,2.26,76,100,10.73,RU,1697045248
75,keita,14.7551,5.7749,36.13,14,60,3.21,NE,1697045248
76,stanley,54.868,-1.6985,9.88,77,20,2.57,GB,1697045249
77,nemuro,43.3236,145.575,10.86,68,53,5.43,JP,1697045249
78,sattahip,12.6664,100.9007,29.17,89,20,2.06,TH,1697045249
79,fortuna,40.5982,-124.1573,14.64,95,6,0.57,US,1697045249
80,zouerate,22.7187,-12.4521,35.23,9,34,5.73,MR,1697045249
81,jaciara,-15.9653,-54.9683,37.11,29,63,3.41,BR,1697045250
82,murzuq,25.9155,13.9184,26.08,24,3,3.92,LY,1697045250
83,igarka,67.4667,86.5833,3.33,96,100,3.88,RU,1697045250
84,karratha,-20.7377,116.8463,25.71,64,0,4.43,AU,1697045066
85,chubek,37.6137,69.7061,21.04,14,50,1.5,TJ,1697045250
86,kingston,17.997,-76.7936,32.91,72,20,5.66,JM,1697045034
87,lebu,-37.6167,-73.65,11.03,63,0,10.16,CL,1697045251
88,colby,39.3958,-101.0524,22.68,41,0,3.6,US,1697045165
89,banda aceh,5.5577,95.3222,26.54,83,100,3.64,ID,1697045251
90,along,28.1667,94.7667,19.76,97,26,0.98,IN,1697045251
91,puerto natales,-51.7236,-72.4875,10.25,50,40,9.26,CL,1697045252
92,kombissiri,12.0656,-1.3375,31.99,42,72,1.09,BF,1697045252
93,st. john's,47.5649,-52.7093,15.44,96,100,5.66,CA,1697045251
94,punta arenas,-53.15,-70.9167,8.06,61,75,12.86,CL,1697045165
95,villa nueva,14.5269,-90.5875,27.01,65,40,4.12,GT,1697045252
96,ilulissat,69.2167,-51.1,-4.99,80,40,0.0,GL,1697045252
97,cole harbour,44.6724,-63.4751,15.66,94,100,3.09,CA,1697045253
98,georgetown,5.4112,100.3354,27.96,89,20,2.68,MY,1697045082
99,bethel,41.3712,-73.414,21.22,49,20,6.69,US,1697045253
100,bilibino,68.0546,166.4372,-10.02,91,100,1.81,RU,1697045253
101,quatre cocos,-20.2078,57.7625,22.83,67,74,1.31,MU,1697045254
102,fort st. john,56.2499,-120.8529,8.94,76,75,3.09,CA,1697045114
103,khandyga,62.6667,135.6,-1.71,98,100,2.57,RU,1697045254
104,sur,22.5667,59.5289,30.33,55,0,2.82,OM,1697045254
105,sept-iles,50.2001,-66.3821,13.36,83,20,4.12,CA,1697045101
106,luderitz,-26.6481,15.1594,15.17,78,24,4.87,NA,1697045254
107,nema,57.5067,50.5011,2.54,70,100,2.47,RU,1697045255
108,kalabo,-14.97,22.6814,31.14,16,40,1.03,ZM,1697045255
109,quibala,-10.7337,14.98,23.36,67,100,1.9,AO,1697045255
110,susuman,62.7833,148.1667,-15.57,93,7,0.89,RU,1697045255
111,san pedro,14.35,121.0167,25.57,97,100,1.54,PH,1697045187
112,simpang,-1.2667,104.0833,25.13,82,43,1.02,ID,1697045256
113,bonthe,7.5264,-12.505,27.24,82,95,3.84,SL,1697045256
114,codrington,-38.2667,141.9667,12.23,87,99,6.29,AU,1697045256
115,walvis bay,-22.9575,14.5053,15.53,82,0,6.17,NA,1697045256
116,decorah,43.3033,-91.7857,14.51,30,0,2.57,US,1697045256
117,carnarvon,-24.8667,113.6333,21.2,65,63,11.18,AU,1697045257
118,bredasdorp,-34.5322,20.0403,16.0,95,87,1.61,ZA,1697045257
119,lazaro cardenas,17.9583,-102.2,24.79,93,99,3.65,MX,1697045001
120,fall river,41.7015,-71.1551,20.96,57,75,4.63,US,1697045257
121,korpilahti,62.0167,25.55,12.29,82,100,8.72,FI,1697045257
122,yorkton,51.2167,-102.4677,9.91,62,75,5.66,CA,1697045090
123,mokopane,-24.1944,29.0097,27.68,23,50,3.16,ZA,1697045258
124,yangjiang,21.85,111.9667,22.05,84,81,3.65,CN,1697045258
125,siaton,9.0648,123.0339,26.74,80,98,1.37,PH,1697045258
126,kapoeta,4.7717,33.5903,27.97,52,100,3.38,SS,1697045123
127,bondo,3.8146,23.6866,21.39,98,100,1.62,CD,1697045259
128,qiqihar,47.3408,123.9672,11.81,51,2,2.33,CN,1697045259
129,sitka,57.0531,-135.33,9.94,87,75,0.0,US,1697045259
130,san antonio de pale,-1.4014,5.6325,25.46,82,100,4.0,GQ,1697045259
131,port lincoln,-34.7333,135.8667,13.08,68,6,10.05,AU,1697045260
132,katabu,-4.9333,122.5167,22.71,89,94,1.81,ID,1697045260
133,uturoa,-16.7333,-151.4333,26.0,78,37,7.15,PF,1697045260
134,papatowai,-46.5619,169.4708,9.02,80,93,9.05,NZ,1697045260
135,isla vista,34.4133,-119.861,23.34,58,0,2.57,US,1697045260
136,valparaiso,-33.0393,-71.6273,17.13,61,20,4.12,CL,1697045260
137,adigrat,14.277,39.462,16.83,59,61,2.67,ET,1697045261
138,nicoya,10.1483,-85.452,30.35,72,75,0.78,CR,1697045261
139,iskateley,67.6803,53.1512,1.12,76,24,4.02,RU,1697045261
140,winnemucca,40.973,-117.7357,10.03,62,75,2.57,US,1697045261
141,wailua homesteads,22.0669,-159.378,22.24,80,20,3.09,US,1697045262
142,bandon,51.7469,-8.7425,12.77,93,100,3.81,IE,1697045114
143,bismarck,46.8083,-100.7837,13.26,47,0,5.36,US,1697045245
144,saraqib,35.8645,36.8059,24.45,52,91,3.63,SY,1697045262
145,naze,28.3667,129.4833,23.51,68,71,6.9,JP,1697045262
146,quepos,9.4236,-84.1652,30.07,70,94,2.53,CR,1697045263
147,plastun,44.7561,136.2939,11.72,77,14,2.88,RU,1697045263
148,cabo san lucas,22.8909,-109.9124,32.01,59,0,6.69,MX,1697045163
149,stanovoye,52.7638,38.3582,4.32,55,82,4.36,RU,1697045263
150,port-vila,-17.7338,168.3219,22.17,75,92,4.99,VU,1697045053
151,dudinka,69.4058,86.1778,1.49,93,100,6.71,RU,1697045264
152,vegueta,-11.0231,-77.6431,21.06,75,59,4.88,PE,1697045264
153,saint-georges,12.0564,-61.7485,28.82,84,20,7.2,GD,1697045027
154,katsuren-haebaru,26.3369,127.8719,26.21,78,100,4.63,JP,1697045086
155,kangding,30.0513,101.9603,9.4,98,93,1.34,CN,1697045264
156,luang namtha,20.9497,101.4011,23.78,75,99,0.24,LA,1697045264
157,tucuma,-0.1833,-50.05,33.88,46,22,4.8,BR,1697045168
158,kapuskasing,49.4169,-82.4331,6.05,75,100,3.09,CA,1697045265
159,nasir,15.5894,32.5634,38.14,10,1,4.98,SD,1697045265
160,al mijlad,11.0333,27.7333,27.29,61,52,10.44,SD,1697045265
161,el nido,11.1858,119.3956,25.07,89,99,1.08,PH,1697045001
162,vorgashor,67.5833,63.95,-0.1,82,100,0.67,RU,1697045266
163,azna,33.6095,48.9307,20.21,31,67,2.61,IR,1697045266
164,tabou,4.423,-7.3528,25.94,87,99,3.9,CI,1697044984
165,labrador city,52.9463,-66.9114,9.95,87,100,1.03,CA,1697045266
166,ust-tsilma,65.441,52.1498,-0.22,80,18,1.34,RU,1697045266
167,colonia,50.9333,6.95,23.36,50,0,3.6,DE,1697045148
168,sovetskaya gavan',48.9723,140.2878,8.39,62,0,2.92,RU,1697045266
169,at taj,24.2049,23.2857,26.36,22,3,4.6,LY,1697044971
170,zhanaozen,43.3,52.8,9.73,74,100,4.68,KZ,1697045267
171,chaoyang,41.5703,120.4586,14.63,52,18,1.41,CN,1697045267
172,praia da vitoria,38.7333,-27.0667,24.14,69,20,2.62,PT,1697045059
173,samfya,-11.3649,29.5565,28.81,27,100,1.24,ZM,1697045268
174,mahajanga,-15.7167,46.3167,27.01,83,0,4.63,MG,1697045268
175,savanna-la-mar,18.219,-78.1332,31.97,52,16,4.48,JM,1697045204
176,amga,60.8953,131.9608,8.88,91,100,4.92,RU,1697045268
177,hadibu,12.65,54.0333,27.36,79,42,2.27,YE,1697045268
178,puan,35.7281,126.7319,12.94,78,84,1.35,KR,1697045268
179,darwin,-12.4611,130.8418,27.99,78,40,1.54,AU,1697045224
180,mossel bay,-34.1831,22.146,16.96,92,99,2.26,ZA,1697045269
181,challapata,-18.9,-66.7667,20.38,24,74,5.09,BO,1697045269
182,kosh-agach,50.0,88.6667,5.73,53,6,1.34,RU,1697045269
183,badger,64.8,-147.5333,-4.07,93,100,0.0,US,1697045269
184,klaksvik,62.2266,-6.589,6.51,82,89,18.79,FO,1697045269
185,utrik,11.2278,169.8474,28.22,76,71,8.01,MH,1697045270
186,island harbour,50.724,-1.2758,17.74,89,100,1.34,GB,1697045270
187,feijo,-8.1642,-70.3536,40.1,25,75,1.23,BR,1697045270
188,suileng,47.25,127.0833,9.81,62,1,1.99,CN,1697045270
189,gunjur,13.2019,-16.7339,30.04,79,75,2.57,GM,1697045270
190,yamada,39.4667,141.95,11.01,78,2,2.5,JP,1697045271
191,altai,46.3722,96.2583,5.89,55,47,2.36,MN,1697045271
192,petropavlovsk-kamchatsky,53.0452,158.6483,3.03,73,20,6.71,RU,1697045271
193,miranda,3.2499,-76.2281,25.25,64,100,0.93,CO,1697045271
194,remire-montjoly,4.9167,-52.2667,33.02,52,0,5.66,GF,1697045271
195,alta,69.9689,23.2717,-1.41,86,100,1.54,NO,1697045272
196,dolisie,-4.1997,12.6739,27.71,66,86,1.52,CG,1697045272
197,jeddah,21.5169,39.2192,31.92,62,0,3.6,SA,1697045272
198,kargasok,59.0556,80.8572,3.87,96,98,7.15,RU,1697045272
199,cromwell,41.5951,-72.6454,21.39,55,40,4.63,US,1697044984
200,linghai,41.1653,121.3667,14.94,57,15,0.7,CN,1697045272
201,chinde,26.8418,88.0763,15.71,88,4,2.1,NP,1697045273
202,kudahuvadhoo,2.6708,72.8944,27.66,75,98,5.27,MV,1697045273
203,castillos,-34.1667,-53.8333,10.44,86,100,9.01,UY,1697045273
204,atar,20.5169,-13.0499,38.63,9,50,5.3,MR,1697045132
205,tralee,52.2704,-9.7026,11.14,93,100,2.57,IE,1697045273
206,antofagasta,-23.65,-70.4,17.6,65,33,4.53,CL,1697045274
207,cuito,-12.3833,16.9333,18.15,77,100,4.01,AO,1697045274
208,tomohon,1.3346,124.8392,18.52,78,95,0.99,ID,1697045274
209,griffith,41.5284,-87.4237,19.15,40,0,1.54,US,1697045274
210,fale old settlement,-9.3852,-171.2468,27.94,77,65,5.34,TK,1697045008
211,luanda,-8.8368,13.2343,26.0,73,0,6.17,AO,1697045275
212,queenstown,-31.8976,26.8753,18.3,68,88,3.82,ZA,1697045275
213,narrabri,-30.3167,149.7833,16.79,34,0,2.55,AU,1697045275
214,sisimiut,66.9395,-53.6735,-0.02,74,43,3.1,GL,1697045275
215,betio village,1.358,172.9211,27.02,73,84,2.4,KI,1697045275
216,ceerigaabo,10.6162,47.368,21.17,58,71,1.51,SO,1697045275
217,new ulm,44.3125,-94.4605,15.31,42,0,4.12,US,1697045275
218,mount pearl,47.5166,-52.7813,14.98,96,100,5.66,CA,1697045276
219,keflavik,64.0049,-22.5624,3.95,75,100,2.06,IS,1697045276
220,nalut,30.3333,10.85,24.87,29,10,1.87,LY,1697045276
221,fagersta,60.0042,15.7932,11.25,63,2,7.85,SE,1697045276
222,prince rupert,54.3161,-130.3201,13.83,91,100,1.54,CA,1697045277
223,rabo de peixe,37.8,-25.5833,19.43,99,75,5.66,PT,1697045277
224,grand baie,-20.0182,57.5802,23.03,68,78,0.9,MU,1697045067
225,puerto baquerizo moreno,-0.9,-89.6,25.55,78,75,7.72,EC,1697045277
226,kununurra,-15.7667,128.7333,27.99,65,75,1.54,AU,1697045277
227,san jose del cabo,23.0589,-109.6977,32.0,69,0,2.06,MX,1697045278
228,tura,25.5198,90.2201,22.25,88,0,1.42,IN,1697045278
229,zaxo,37.1482,42.7001,23.49,52,97,1.41,IQ,1697045278
230,alice springs,-23.7,133.8833,14.75,26,3,2.06,AU,1697045278
231,happy valley-goose bay,53.3168,-60.3315,12.17,87,100,1.54,CA,1697045278
232,bubaque,11.2833,-15.8333,28.24,76,100,2.24,GW,1697045279
233,inari,68.906,27.0288,-1.89,93,100,6.14,FI,1697045279
234,maun,-19.9833,23.4167,34.98,18,0,1.54,BW,1697045279
235,sarangani,5.4033,125.4636,28.03,76,100,4.59,PH,1697045279
236,aiquile,-18.2041,-65.1807,31.38,20,99,6.69,BO,1697045279
237,port elizabeth,-33.918,25.5701,18.16,85,0,3.6,ZA,1697045265
238,conde,-7.2597,-34.9075,28.7,58,75,8.23,BR,1697045176
239,hakkari,37.5833,44.1667,11.88,76,75,2.57,TR,1697045280
240,zeya,53.75,127.2667,6.94,77,72,1.3,RU,1697045280
241,xam nua,20.4197,104.0439,16.51,99,50,0.76,LA,1697045280
242,argo,37.6333,22.7333,21.55,64,46,2.29,GR,1697045280
243,chifeng,42.2683,118.9636,13.16,50,71,1.82,CN,1697045229
244,vila velha,-20.3297,-40.2925,23.97,93,75,2.57,BR,1697045102
245,pader palwo,2.8006,33.135,19.54,93,97,1.76,UG,1697045238
246,sandnessjoen,66.0217,12.6316,6.06,81,75,5.14,NO,1697045278
247,makurazaki,31.2667,130.3167,19.29,68,6,2.93,JP,1697045281
248,znomenka,48.7128,32.6647,6.98,47,51,4.17,UA,1697045282
249,bugiri,0.5714,33.7417,19.38,93,100,2.7,UG,1697045282
250,san rafael del yuma,18.4299,-68.6739,33.11,57,17,4.63,DO,1697045282
251,limanowa,49.7059,20.422,17.3,88,96,2.77,PL,1697045282
252,xiva,41.3783,60.3639,11.99,49,100,7.68,UZ,1697045093
253,faya-largeau,17.9257,19.1043,33.79,17,11,5.58,TD,1697045282
254,greymouth,-42.4667,171.2,9.28,93,100,1.83,NZ,1697045283
255,hasaki,35.7333,140.8333,15.22,53,12,5.11,JP,1697045283
256,pullman,46.7313,-117.1796,12.14,73,100,5.66,US,1697045283
257,port macquarie,-31.4333,152.9167,13.27,93,19,3.89,AU,1697045057
258,olavarria,-36.8927,-60.3225,14.6,27,11,7.31,AR,1697045283
259,berriane,32.8265,3.7669,26.45,29,0,4.98,DZ,1697045283
260,ponta delgada,37.7333,-25.6667,20.1,88,75,5.66,PT,1697045284
261,vasudevanallur,9.2333,77.4167,26.65,80,100,3.17,IN,1697045284
262,visby,57.6409,18.296,14.12,67,40,11.83,SE,1697045284
263,lucapa,-8.4192,20.7447,25.22,58,99,0.96,AO,1697045284
264,kimbe,-5.5502,150.1429,24.87,92,100,0.9,PG,1697045284
265,cartagena,10.3997,-75.5144,31.79,66,40,3.6,CO,1697045285
266,kourou,5.1552,-52.6478,33.03,54,1,5.2,GF,1697045285
267,bam,29.106,58.357,29.4,15,8,1.75,IR,1697045285
268,tsiombe,-25.3,45.4833,20.92,77,96,6.46,MG,1697045285
269,kigali,-1.95,30.0588,20.71,73,40,3.6,RW,1697045186
270,shirgaon,19.7,72.7,26.69,78,0,2.26,IN,1697045285
271,thompson,55.7435,-97.8558,8.09,61,20,1.54,CA,1697045286
272,mponela,-13.5319,33.7401,23.99,38,3,1.79,MW,1697045286
273,niafunke,15.9322,-3.9906,38.96,12,72,3.58,ML,1697045286
274,anadyr,64.75,177.4833,0.28,80,75,10.0,RU,1697045286
275,margate,51.3813,1.3862,17.72,83,100,1.79,GB,1697045286
276,hamilton,39.1834,-84.5333,20.97,43,0,5.14,US,1697045120
277,yarmouth,41.7057,-70.2286,21.03,71,20,5.14,US,1697045287
278,selizharovo,56.8519,33.4487,6.08,80,100,8.02,RU,1697045287
279,yinchuan,38.4681,106.2731,16.31,56,100,1.51,CN,1697045287
280,aksakovo,43.25,27.8167,12.89,67,0,1.03,BG,1697045287
281,arraial do cabo,-22.9661,-42.0278,27.98,73,0,10.29,BR,1697045288
282,midvagur,62.0511,-7.1939,6.46,61,100,17.49,FO,1697045288
283,fengxiang,47.5833,130.8333,8.8,65,1,2.97,CN,1697045288
284,malanje,-9.5402,16.341,22.93,66,99,2.62,AO,1697045288
285,las lomitas,-24.7096,-60.593,41.73,22,75,4.61,AR,1697045288
286,hammerfest,70.6634,23.6821,-0.75,74,75,3.6,NO,1697045289
287,laela,-8.5667,32.05,24.05,34,80,1.36,TZ,1697045289
288,yarega,63.4354,53.5765,-1.18,88,52,1.96,RU,1697045289
289,ulladulla,-35.35,150.4667,14.75,41,6,3.49,AU,1697045289
290,bor,56.3567,44.0669,5.0,67,100,4.92,RU,1697045225
291,nadi,-17.8,177.4167,22.0,83,75,2.06,FJ,1697045290
292,bol,13.4586,14.7147,29.23,59,40,5.09,TD,1697045290
293,rio grande,-32.035,-52.0986,22.06,82,100,8.39,BR,1697045277
294,san patricio,28.017,-97.5169,24.39,89,100,3.73,US,1697045290
295,cockburn town,21.4612,-71.1419,31.98,66,40,4.12,TC,1697045290
296,hastings,50.8552,0.5729,17.94,38,100,8.26,GB,1697045290
297,bulata,9.8599,122.4016,26.83,80,99,1.77,PH,1697045291
298,bardai,11.65,7.2333,29.24,40,40,2.93,NG,1697045291
299,nabire,-3.3667,135.4833,24.99,92,100,1.3,ID,1697045291
300,jayapura,-2.5333,140.7,25.66,93,100,2.13,ID,1697045291
301,la punta,-33.1837,-66.3127,15.96,28,12,8.11,AR,1697045019
302,oranjemund,-28.55,16.4333,15.7,78,61,3.56,NA,1697045292
303,nadym,65.5333,72.5167,2.9,76,100,2.75,RU,1697045292
304,novodvinsk,64.4165,40.8122,-0.12,91,100,5.03,RU,1697045292
305,awjilah,29.1081,21.2869,25.82,34,0,4.3,LY,1697045293
306,kulhudhuffushi,6.6221,73.07,25.86,87,100,6.66,MV,1697045293
307,al khums,32.6486,14.2619,24.28,58,0,3.81,LY,1697045293
308,stephenville,32.2207,-98.2023,23.44,73,100,4.63,US,1697045293
309,urucara,-2.5364,-57.76,41.68,18,32,2.5,BR,1697045293
310,portel,-1.9356,-50.8211,37.09,33,6,2.4,BR,1697045294
311,kodiak,57.79,-152.4072,-0.27,74,40,3.09,US,1697045294
312,susanville,40.4163,-120.653,11.57,62,40,3.09,US,1697045294
313,cadale,2.7603,46.3222,26.84,81,84,4.86,SO,1697045123
314,egilsstadir,65.2653,-14.3948,1.95,69,75,6.17,IS,1697045294
315,saint-joseph,-21.3667,55.6167,23.21,78,66,0.82,RE,1697045294
316,pickering,43.9001,-79.1329,13.13,69,75,4.12,CA,1697045295
317,xinyuan,37.3,99.0,-2.1,97,100,1.85,CN,1697045295
318,dzerzhinskoye,56.8344,95.2283,12.64,49,65,4.03,RU,1697045295
319,yoakum,29.2878,-97.1519,21.08,83,100,4.32,US,1697045295
320,amos,48.5669,-78.1162,4.86,94,100,0.52,CA,1697045248
321,essaouira,31.5125,-9.77,27.72,57,0,3.09,MA,1697045296
322,coquimbo,-29.9533,-71.3436,17.85,59,0,6.69,CL,1697045296
323,chegdomyn,51.1167,133.0167,6.29,77,89,0.45,RU,1697045296
324,meadow lake,34.8014,-106.5436,23.56,33,0,5.6,US,1697045296
325,turkmenbasy,40.0222,52.9552,14.43,62,100,7.2,TM,1697045296
326,taoudenni,22.6783,-3.9836,36.56,9,0,4.6,ML,1697045297
327,nyurba,63.2842,118.3319,9.46,72,95,5.81,RU,1697045297
328,barra de santo antonio,-9.4047,-35.5072,28.6,61,4,4.18,BR,1697045297
329,arkhangel'sk,64.5401,40.5433,0.07,91,100,5.31,RU,1697045298
330,kapa'a,22.0752,-159.319,22.99,80,20,3.09,US,1697045298
331,hola,51.5377,23.1902,16.1,68,100,6.52,PL,1697045298
332,khanbari,27.3747,87.2039,18.12,90,20,1.34,NP,1697045298
333,namibe,-15.1961,12.1522,19.72,85,90,5.66,AO,1697045029
334,gobabis,-22.45,18.9667,25.47,35,99,5.22,NA,1697045299
335,mitu,1.1983,-70.1733,32.82,49,64,1.29,CO,1697045299
336,lompoc,34.6391,-120.4579,23.21,55,20,8.75,US,1697045299
337,nagqu,31.5,92.0,-1.53,56,97,2.0,CN,1697045299
338,prairie du chien,43.0517,-91.1412,15.05,41,0,0.0,US,1697045299
339,portland,45.5234,-122.6762,13.68,94,100,4.92,US,1697045056
340,nuku'alofa,-21.1333,-175.2,16.19,94,75,1.54,TO,1697045300
341,ulanhot,46.0833,122.0833,12.1,48,12,1.32,CN,1697045300
342,gamonal,39.9607,-4.9618,26.37,27,57,0.36,ES,1697045301
343,zyryanovsk,49.7386,84.2719,11.93,51,17,1.03,KZ,1697045301
344,ghat,24.9647,10.1728,28.84,20,14,5.94,LY,1697045301
345,tingi,-11.3,35.0333,23.06,38,94,2.79,TZ,1697045301
346,ruteng,-8.6136,120.4721,16.44,91,96,0.36,ID,1697045301
347,zimovniki,47.1483,42.4633,5.53,50,27,3.13,RU,1697045302
348,horta,38.5333,-28.6333,22.8,76,40,6.17,PT,1697045302
349,port saint john's,-31.6229,29.5448,20.27,91,100,4.51,ZA,1697045302
350,aykhal,66.0,111.5,1.71,71,11,11.62,RU,1697045302
351,kiunga,-6.1219,141.2906,22.75,100,100,0.62,PG,1697045302
352,klyuchi,52.2667,79.1667,9.73,43,95,2.23,RU,1697045303
353,timbuktu,16.7735,-3.0074,38.14,12,9,5.23,ML,1697045303
354,luena,-11.7833,19.9167,27.1,50,100,3.09,AO,1697045303
355,popondetta,-8.7537,148.2534,23.38,92,100,1.32,PG,1697045303
356,sao jose da coroa grande,-8.8978,-35.1478,27.91,60,27,4.51,BR,1697045304
357,baissa,7.2333,10.6333,25.71,88,48,0.29,NG,1697045304
358,chonchi,-42.6128,-73.8092,10.56,50,35,2.2,CL,1697045304
359,leava,-14.3,-178.1667,26.78,82,84,8.48,WF,1697045304
360,undurkhaan,47.3194,110.6556,6.34,55,74,1.84,MN,1697045305
361,graneros,-34.0667,-70.7333,19.1,42,20,3.09,CL,1697045305
362,corinto,37.9407,22.9573,21.61,64,68,3.26,GR,1697045305
363,hardeeville,32.2871,-81.0807,24.47,62,100,0.97,US,1697045305
364,areia branca,-4.9561,-37.1369,34.11,51,14,9.17,BR,1697045305
365,santa isabel,-23.3156,-46.2214,33.61,37,4,3.56,BR,1697045306
366,batesville,35.7698,-91.641,24.02,78,0,1.54,US,1697045306
367,quellon,-43.1167,-73.6167,9.38,58,16,4.88,CL,1697045306
368,newman,37.3138,-121.0208,19.47,49,0,6.71,US,1697045178
369,obo,5.3998,26.4869,21.98,88,100,1.63,CF,1697045307
370,holualoa,19.6228,-155.9522,25.48,74,20,1.79,US,1697045122
371,daru,-9.0763,143.2092,24.99,93,100,7.21,PG,1697045307
372,qamdo,31.1667,97.2333,2.74,70,98,1.55,CN,1697045307
373,tionk essil,12.7856,-16.5217,31.03,66,92,1.69,SN,1697045307
374,galle,6.0367,80.217,24.5,91,100,1.17,LK,1697045135
375,khash,28.2211,61.2158,25.31,14,0,2.07,IR,1697045308
376,usogorsk,63.4106,48.6872,-0.74,85,56,3.7,RU,1697045308
377,saudarkrokur,65.7461,-19.6394,-0.22,83,98,2.08,IS,1697045308
378,jinghong,21.991,100.7341,22.99,79,93,0.44,CN,1697045309
379,slonim,53.0867,25.3219,14.73,70,100,6.72,BY,1697045309
380,hirara,24.8,125.2833,26.15,69,75,6.17,JP,1697045309
381,smithers,54.7804,-127.1743,8.18,100,100,0.0,CA,1697045309
382,marco island,25.9363,-81.7157,32.24,71,100,5.14,US,1697045309
383,ishim,56.1128,69.4902,9.39,53,99,6.26,RU,1697045310
384,nikolayevsk-on-amure,53.1406,140.73,4.96,72,91,3.05,RU,1697045310
385,wau,7.7029,27.9953,22.86,90,100,3.84,SS,1697045310
386,pratt,37.6439,-98.7376,26.12,47,0,6.17,US,1697045145
387,alofi,-19.0595,-169.9187,20.94,88,100,1.03,NU,1697045310
388,magong,23.5654,119.5863,24.93,79,20,14.28,TW,1697045311
389,mogocha,53.7333,119.7667,4.86,79,8,1.79,RU,1697045311
390,new norfolk,-42.7826,147.0587,15.72,65,25,1.48,AU,1697045311
391,salinopolis,-0.6136,-47.3561,29.82,66,87,4.77,BR,1697045312
392,tingo maria,-9.2895,-76.0088,31.17,58,20,2.57,PE,1697045312
393,mexia,31.6799,-96.4822,21.83,84,100,5.66,US,1697045025
394,teruel,40.6667,-0.6667,18.5,34,0,2.96,ES,1697045312
395,driefontein,-27.0177,30.4498,24.14,31,100,2.48,ZA,1697045313
396,san julian,21.0167,-102.1667,20.72,57,80,4.26,MX,1697045313
397,sinabang,2.4803,96.3801,25.59,85,100,1.44,ID,1697045313
398,tete,-16.1564,33.5867,35.05,26,40,4.63,MZ,1697045313
399,estacion bamoa,25.7081,-108.3115,30.36,58,0,2.23,MX,1697045313
400,karaton,-6.3424,106.1045,24.75,84,70,0.23,ID,1697045314
401,mukalla,14.5425,49.1242,28.07,79,13,3.1,YE,1697045087
402,ballina,-28.8667,153.5667,14.32,85,3,2.68,AU,1697045314
403,genhe,50.7833,121.5167,5.11,70,2,1.21,CN,1697045314
404,illizi,26.4833,8.4667,30.89,18,7,6.33,DZ,1697045314
405,middlesboro,36.6084,-83.7166,19.55,72,0,0.0,US,1697045136
406,pariaman,-0.619,100.12,25.03,91,60,0.8,ID,1697045282
407,afaahiti,-17.75,-149.2833,24.93,85,53,6.79,PF,1697045315
408,flying fish cove,-10.4217,105.6791,24.82,88,75,5.14,CX,1697045315
409,baruun-urt,46.6806,113.2792,6.32,74,83,2.34,MN,1697045315
410,belyy yar,53.6039,91.3903,12.14,71,0,1.0,RU,1697045316
411,heroica ciudad de tlaxiaco,17.2667,-97.6833,20.02,70,71,3.63,MX,1697045316
412,vytegra,61.0064,36.4481,4.09,82,100,5.81,RU,1697045316
413,kayyerkan,69.3786,87.7439,-0.08,96,100,2.96,RU,1697045316
414,mount darwin,-16.7725,31.5838,24.79,33,17,2.08,ZW,1697045316
415,petauke,-14.2426,31.3253,29.07,23,52,2.96,ZM,1697045317
416,kalmunai,7.4167,81.8167,25.77,85,100,5.12,LK,1697045317
417,asahi,35.7167,140.65,15.21,55,47,3.61,JP,1697045317
418,tutoia,-2.7619,-42.2744,29.43,62,11,6.57,BR,1697045317
419,ilha de mocambique,-15.0342,40.7358,25.94,80,11,4.16,MZ,1697045317
420,mermoz boabab,14.7065,-17.4758,30.31,79,0,3.09,SN,1697045318
421,vilyuysk,63.7553,121.6247,10.66,77,82,6.26,RU,1697045318
422,uige,-7.6087,15.0613,21.72,88,79,1.71,AO,1697045318
423,posto fiscal rolim de moura,-13.0833,-62.2667,39.9,25,42,2.34,BR,1697045318
424,corralillo,22.9819,-80.5856,32.68,55,97,4.45,CU,1697045319
425,minas de marcona,-15.2119,-75.1103,19.93,56,46,7.54,PE,1697045319
426,cidreira,-30.1811,-50.2056,21.39,90,100,4.01,BR,1697045319
427,higuera de zaragoza,25.95,-109.2833,30.96,53,0,3.08,MX,1697045319
428,vilyuchinsk,52.9306,158.4028,3.85,72,18,5.22,RU,1697045319
429,tommot,58.9564,126.2925,10.85,73,100,7.14,RU,1697045320
430,tazacorte,28.629,-17.9293,27.54,65,0,3.09,ES,1697045320
431,ayorou,14.7308,0.9174,38.83,12,64,4.32,NE,1697045320
432,savino,56.5929,41.2181,3.22,64,100,6.31,RU,1697045320
433,kabare,-2.4683,28.8242,18.34,91,100,0.92,CD,1697045320
434,jijila,45.3,28.15,12.21,53,7,4.5,RO,1697045321
435,vadso,70.0744,29.7487,-2.51,93,40,4.63,NO,1697045321
436,cangas de onis,43.3284,-5.0718,21.72,53,95,0.42,ES,1697045321
437,kincardine,56.0667,-3.7167,11.07,77,9,5.79,GB,1697045321
438,vizinga,61.0749,50.1031,1.02,85,100,3.13,RU,1697045321
439,broome,42.2506,-75.833,14.28,76,100,4.12,US,1697045322
440,la ronge,55.1001,-105.2842,10.14,57,0,5.14,CA,1697045322
441,jizzax,40.1158,67.8422,20.9,25,39,0.48,UZ,1697045140
442,patao,11.2202,123.6925,27.44,75,100,1.7,PH,1697045322
443,aras-asan,8.8908,126.3033,25.35,87,100,1.99,PH,1697045322
444,porto novo,6.4965,2.6036,28.04,74,56,3.54,BJ,1697045323
445,kodinar,20.7903,70.7031,25.7,76,0,3.39,IN,1697045323
446,dhuusamarreeb,5.535,46.3861,29.71,54,90,5.91,SO,1697045323
447,selfoss,63.9331,-20.9971,2.8,64,100,1.61,IS,1697045323
448,west bay,19.3667,-81.4167,33.04,76,20,6.17,KY,1697045054
449,eyl,7.9803,49.8164,27.21,79,43,4.17,SO,1697045324
450,anahuac,27.2333,-100.15,25.72,66,95,4.96,MX,1697045324
451,ola,59.5833,151.2833,-3.81,65,98,5.72,RU,1697045324
452,sydney mines,46.2367,-60.2177,18.44,65,75,3.6,CA,1697045324
453,calama,-22.4667,-68.9333,25.27,7,0,9.77,CL,1697045324
454,bikin,46.8161,134.26,6.51,80,11,1.18,RU,1697045324
455,calhoun,42.2506,-85.0005,16.08,39,100,3.6,US,1697045325
456,pangody,65.85,74.4859,1.54,86,86,2.45,RU,1697045325
457,northam,51.0333,-4.2167,17.36,95,100,6.13,GB,1697045325
458,qarauyl,48.9451,79.255,12.36,63,100,2.76,KZ,1697045325
459,strugi-krasnyye,58.2675,29.1114,8.74,93,100,7.71,RU,1697045325
460,xiaoweizhai,26.1903,107.5125,15.81,88,100,1.23,CN,1697045326
461,yaren,-0.5472,166.916,28.16,75,77,5.07,NR,1697045326
462,apartado,7.883,-76.6259,27.92,83,75,3.09,CO,1697045326
463,parnamirim,-5.9156,-35.2628,30.19,54,20,7.2,BR,1697045326
464,nkove,-7.95,30.85,27.59,54,77,3.08,TZ,1697045326
465,porto murtinho,-21.6989,-57.8825,42.65,22,50,6.23,BR,1697045327
466,sona,45.4388,10.8255,22.75,69,0,1.54,IT,1697045192
467,chibougamau,49.9168,-74.3659,8.79,81,100,3.09,CA,1697045327
468,lihue,21.9789,-159.3672,22.58,80,20,3.09,US,1697045327
469,crucecita,-28.95,-58.9833,19.84,86,94,7.8,AR,1697045327
470,ziro,27.6333,93.8333,10.54,93,4,1.09,IN,1697045328
471,masterton,-40.9597,175.6575,8.27,93,5,1.27,NZ,1697045328
472,mongagua,-24.0931,-46.6208,28.79,69,5,2.28,BR,1697045328
473,baihe,22.15,107.2333,19.76,86,100,1.0,CN,1697045328
474,indramayu,-6.3264,108.32,26.82,70,86,3.09,ID,1697045328
475,tazovsky,67.4667,78.7,2.15,98,100,3.92,RU,1697045329
476,birganj,27.0104,84.8774,24.4,77,0,1.77,NP,1697045329
477,palasa,18.7667,84.4167,26.04,81,31,0.87,IN,1697045329
478,tolanaro,-25.0319,46.9987,20.04,94,75,6.17,MG,1697045329
479,pacific grove,36.6177,-121.9166,18.27,76,0,7.15,US,1697045329
480,fair oaks ranch,29.7458,-98.6434,23.27,83,100,0.0,US,1697045330
481,waddan,29.1614,16.139,25.62,31,6,2.37,LY,1697045330
482,port blair,11.6667,92.75,26.02,94,40,0.51,IN,1697045330
483,chern',53.4523,36.9145,4.03,51,92,6.68,RU,1697045330
484,halle neustadt,51.4792,11.9161,22.6,48,92,1.34,DE,1697045111
485,panacan,9.2463,118.4082,26.05,80,92,0.99,PH,1697045331
486,murghob,38.1702,73.9667,4.79,35,12,1.2,TJ,1697045178
487,north battleford,52.7834,-108.2847,11.89,50,0,10.29,CA,1697045331
488,pasighat,28.0667,95.3333,22.59,87,3,1.66,IN,1697045331
489,prachuap khiri khan,12.2167,99.75,23.37,94,98,1.09,TH,1697045331
490,ulsteinvik,62.3432,5.8487,7.64,90,100,4.47,NO,1697045332
491,cooma,-36.2333,149.1333,5.85,57,77,2.0,AU,1697045332
492,weno,7.4515,151.8468,26.97,94,100,3.6,FM,1697045332
493,new plymouth,-39.0667,174.0833,11.0,68,86,9.32,NZ,1697045183
494,laojunmiao,39.8333,97.7333,9.61,42,100,0.8,CN,1697045333
495,nizhnesortymskiy,62.4397,71.7603,3.79,89,100,2.36,RU,1697045333
496,brooks,50.5834,-111.8851,10.99,93,100,1.03,CA,1697045333
497,touros,-5.1989,-35.4608,29.7,52,75,7.35,BR,1697045333
498,acaponeta,22.4964,-105.3594,29.31,59,21,1.15,MX,1697045333
499,hami,42.8,93.45,17.97,19,22,1.02,CN,1697045334
500,sandwip,22.4678,91.4561,28.02,78,100,5.12,BD,1697045334
501,teknaf,20.8624,92.3058,25.02,91,99,2.65,BD,1697045049
502,qinnan,33.2531,119.9133,16.2,84,100,1.87,CN,1697045334
503,laguna,38.421,-121.4238,19.6,76,0,3.09,US,1697045334
504,mancio lima,-7.6142,-72.8958,34.04,59,75,0.0,BR,1697045334
505,katsuura,35.1333,140.3,18.99,65,59,4.71,JP,1697045335
506,kavaratti,10.5669,72.642,28.64,61,26,2.38,IN,1697045335
507,roxas,11.5853,122.7511,24.52,90,100,1.52,PH,1697045335
508,hovd,48.0056,91.6419,9.04,54,55,0.68,MN,1697045335
509,el vigia,8.6219,-71.6506,33.86,50,59,2.21,VE,1697045335
510,cangzhou,38.3167,116.8667,15.4,54,79,3.04,CN,1697045335
511,severo-yeniseyskiy,60.3725,93.0408,11.99,76,100,5.36,RU,1697045336
512,gadzhiyevo,69.2551,33.3362,-1.33,82,89,5.71,RU,1697045336
513,seybaplaya,19.65,-90.6667,32.7,60,84,2.61,MX,1697045336
514,tomatlan,19.9333,-105.25,30.09,65,14,0.92,MX,1697045336
515,acarau,-2.8856,-40.12,30.57,58,62,9.4,BR,1697045337
516,nefta,33.8731,7.8777,30.14,25,0,2.23,TN,1697045337
517,nar'yan-mar,67.6713,53.087,1.17,76,20,4.02,RU,1697045337
518,eenhana,-17.4667,16.3333,24.38,50,99,1.87,NA,1697045337
519,selkirk,50.1436,-96.8845,9.48,78,19,1.34,CA,1697045153
520,howard springs,-12.497,131.047,27.95,74,44,0.89,AU,1697045337
521,castro,-24.7911,-50.0119,28.06,44,6,3.27,BR,1697045338
522,ringkobing,56.0901,8.244,12.79,64,100,11.76,DK,1697045338
523,palmas,-10.2128,-48.3603,32.93,52,40,4.63,BR,1697045338
524,palpa,-14.5336,-75.1856,32.0,34,58,4.19,PE,1697045338
525,souillac,-20.5167,57.5167,22.21,83,20,2.06,MU,1697045338
526,fisterra,42.9049,-9.2629,25.42,82,100,4.71,ES,1697045338
527,kattivakkam,13.2167,80.3167,29.05,87,38,2.66,IN,1697045339
528,kyren,51.6828,102.1408,8.86,58,0,1.79,RU,1697045339
529,danville,36.586,-79.395,22.38,45,0,2.24,US,1697045339
530,san miguel de cauri,-10.1,-76.5833,17.07,37,90,6.21,PE,1697045339
531,chul'man,56.8479,124.9104,6.86,78,100,4.02,RU,1697045059
532,camocim,-2.9022,-40.8411,31.6,57,89,7.41,BR,1697045340
533,baykal'sk,51.5058,104.1469,10.0,71,0,2.78,RU,1697045340
534,kidal,18.4411,1.4078,36.74,10,60,4.58,ML,1697045340
535,fort bragg,35.139,-79.006,24.39,55,99,0.89,US,1697045340
536,kolonia,50.9333,6.95,22.71,50,0,3.6,DE,1697045341
537,mary,37.0,62.5,25.22,21,4,3.11,TM,1697045341
538,rocha,-34.4833,-54.3333,9.24,82,100,8.3,UY,1697045341
539,beau vallon,-20.4189,57.6953,22.9,83,20,2.06,MU,1697045341
540,vista hermosa de negrete,20.2667,-102.4833,23.06,55,60,2.97,MX,1697045342
541,galliano,29.4422,-90.2992,22.0,88,100,3.6,US,1697045178
542,tyuratam,45.6507,63.3156,9.05,72,100,3.64,KZ,1697045342
543,tofol,5.3248,163.0078,28.56,76,89,4.46,FM,1697045342
544,howrah,22.5892,88.3103,30.0,74,20,0.0,IN,1697045343
545,zheleznogorsk-ilimskiy,56.5768,104.1217,6.32,80,44,2.24,RU,1697045343
546,haiku-pauwela,20.9219,-156.3051,25.02,74,40,3.6,US,1697045343
547,la'ie,21.6477,-157.9253,26.98,73,99,0.89,US,1697045343
548,sidi ifni,29.3797,-10.173,34.86,52,21,1.32,MA,1697045343
549,puerto princesa,9.7392,118.7353,25.58,84,95,1.68,PH,1697045160
550,nago,26.5881,127.9761,26.24,75,24,5.92,JP,1697045344
551,sabha,27.0377,14.4283,25.4,26,1,2.14,LY,1697045344
552,gao,16.6362,1.637,37.38,9,25,4.62,ML,1697045344
553,brassall,-27.5975,152.7475,18.88,1,1,0.43,AU,1697045344
554,inyonga,-6.7167,32.0667,26.32,27,96,0.23,TZ,1697045345
555,linares,-35.85,-71.6,16.94,56,2,3.29,CL,1697045173
556,callao,-12.0667,-77.15,22.62,77,100,4.63,PE,1697045345
557,suva,-18.1416,178.4415,19.71,94,20,0.0,FJ,1697045345
558,kuta,-8.7233,115.1723,26.97,88,40,2.68,ID,1697045132
559,turabah,21.2141,41.6331,28.03,15,0,5.21,SA,1697045056
560,vikravandi,12.0333,79.55,27.18,82,93,2.01,IN,1697045346
561,dellys,36.9172,3.9131,24.53,67,13,2.76,DZ,1697045346
562,caconda,-13.7333,15.0667,21.03,54,100,2.87,AO,1697045346
563,umea,63.8284,20.2597,5.96,87,100,6.69,SE,1697045346
564,kovalam,8.3667,76.9967,26.05,94,75,2.57,IN,1697045347
